line_no	entry_id	original_heading	proposed_status	proposed_target	basis
5	94	"2026-06-02: ""Known-good"" plan headers have a freshness axis — a header that parsed months ago can predate a current gate  [tag: planner-discipline] [tag: plan-authoring] [tag: bellows-integration]"	learned	PLANNER_TEMPLATE.md	detector-PASS(ratio=1.00,phrases=8)
11	95	2026-06-02: Never edit a project's working tree while a Bellows plan is in-flight for that project — even a blueprint or knowledge file  [tag: planner-discipline] [tag: bellows-integration] [tag: worktree]	learned	PLANNER_TEMPLATE.md	detector-PASS(ratio=1.00,phrases=4)
17	96	"2026-06-02: A QA ""full suite passes / N passing"" headline is the least independently-verifiable claim in a report — confirm the run was watched or reproduce it under a wall-clock bound  [tag: planner-discipline] [tag: rule-22] [tag: qa-verification]"	learned	PLANNER_TEMPLATE.md	detector-PASS(ratio=1.00,phrases=1)
23	97	2026-06-02: `pytest --timeout=N` bounds per-test execution only — it cannot catch collection/import or session-fixture hangs  [tag: planner-discipline] [tag: testing] [tag: diagnostic-authoring]	learned	PLANNER_TEMPLATE.md	detector-PASS(ratio=1.00,phrases=2)
29	98	"2026-06-01: Name deposit file paths literally in plan step bodies — scope_check authorizes from named paths; the ""don't name from memory"" rule is about assertions, not deposit targets  [tag: planner-discipline] [tag: plan-authoring] [tag: bellows-integration]"	learned	PLANNER_TEMPLATE.md	detector-PASS(ratio=1.00,phrases=4)
35	99	2026-05-31: Read the verdict-request Gate Result JSON before every verdict — the `gates step N: passed=True` log line predates teardown  [tag: bellows-integration] [tag: planner-discipline] [tag: verdict-mechanics]	learned	PLANNER_TEMPLATE.md	detector-PASS(ratio=1.00,phrases=5)
41	100	2026-05-31: Never leave stray uncommitted non-lifecycle files in a watched repo root — they fail every teardown  [tag: bellows-integration] [tag: planner-discipline] [tag: operational-recovery]	learned	PLANNER_TEMPLATE.md	detector-PASS(ratio=1.00,phrases=3)
47	101	2026-05-29: Restarting the daemon mid-plan arms the (n) orphan-guard verdict-replay — archive prior processed verdicts before the terminal verdict  [tag: bellows-integration] [tag: operational-recovery] [tag: planner-discipline]	pending		no-implemented-proposal
57	102	2026-05-29: Never name specific tests, files, or values from session memory in plan body assertions — soften to count-or-shape or copy from artifact  [tag: planner-discipline] [tag: plan-authoring]	learned	PLANNER_TEMPLATE.md	detector-PASS(ratio=1.00,phrases=7)
81	103	2026-05-29: Planner-side writes to project directories during in-flight Bellows dispatch create dirty-tree teardown failures  [tag: planner-discipline] [tag: bellows-integration] [tag: operational-recovery]	learned	PLANNER_TEMPLATE.md	detector-PASS(ratio=1.00,phrases=9)
121	104	"2026-05-28: Wall-clock calibration — ""small-tier"" executables with comprehensive test coverage run closer to medium-tier  [tag: planning-calibration] [tag: bellows-integration]"	unknown		detector-UNDECIDABLE(ratio=0.00,phrases=0,reason=no_target)
148	105	2026-05-28: Verdict response directory — `resolved/`, full stop  [tag: bellows-integration] [tag: planner-discipline]	learned	PLANNER_TEMPLATE.md	detector-PASS(ratio=1.00,phrases=0)
158	106	2026-05-28: `scope_check` false-positive on plan-required evidence files — Planner override is the right disposition  [tag: bellows-integration] [tag: gate-overrides] [tag: planner-discipline]	learned	PLANNER_TEMPLATE.md	detector-PASS(ratio=1.00,phrases=2)
174	107	2026-05-28: `_seen` slug cache not cleared on Done/ transition — diagnostic→executable handoff at same slug requires rename workaround  [tag: bellows-integration] [tag: recovery] [tag: slug-collision]	pending		no-implemented-proposal
188	108	"2026-05-28: R2 sub-variant Planner-direct close is the working recovery shape for ""substance shipped, teardown cherry-pick conflicts on lifecycle artifacts"" — two sessions running  [tag: bellows-integration] [tag: recovery] [tag: planner-discipline]"	learned	PLANNER_TEMPLATE.md	detector-PASS(ratio=1.00,phrases=2)
227	109	2026-05-28: Strict Bellows convention strings must be copied from a known-good artifact, never authored from memory — three failures in one session  [tag: planner-discipline] [tag: plan-authoring] [tag: bellows-integration]	learned	PLANNER_TEMPLATE.md	detector-PASS(ratio=1.00,phrases=10)
255	110	2026-05-27: R2 recovery shape for worktree teardown cherry-pick conflict on agent's own claim-rename — second occurrence in 5 days, recovery is mechanical  [tag: bellows-integration] [tag: planner-discipline] [tag: operational-recovery]	learned	PLANNER_TEMPLATE.md	detector-PASS(ratio=1.00,phrases=4)
317	111	2026-05-27: `Dispatch Mode: standard` rejection — Planner authoring relies on memory rather than mechanized check despite Rule 35 + Plan Authoring Checklist item 3 coverage  [tag: planner-discipline] [tag: plan-authoring] [tag: bellows-integration]	learned	PLANNER_TEMPLATE.md	detector-PASS(ratio=1.00,phrases=4)
335	112	2026-05-27: Verdict-response filename prefix tolerance — Bellows consumed verdicts with unstripped `diagnostic-` and `executable-` prefixes despite README specifying prefix strip  [tag: bellows-integration] [tag: documentation-drift]	unknown		detector-UNDECIDABLE(ratio=0.00,phrases=0,reason=no_target)
363	113	"2026-05-27: Gate 1 routing rule — medium-confidence proposals flagged as ""Planner-side workaround for daemon bug"" should be rejected and routed to Bellows BACKLOG rather than codified as PLANNER_TEMPLATE governance  [tag: planner-discipline] [tag: lessons-forge] [tag: gate-1-routing]"	learned	PLANNER_TEMPLATE.md	detector-PASS(ratio=1.00,phrases=7)
394	114	2026-05-27: Non-monotonic STEP header labels in Bellows-dispatched plans cause positional/literal misalignment between daemon dispatch and agent prompt lookup  [tag: planner-discipline] [tag: plan-authoring] [tag: bellows-integration]	learned	PLANNER_TEMPLATE.md	detector-PASS(ratio=1.00,phrases=1)
424	58	2026-05-27: SA dense-content blueprint steps need explicit early-output anchors to avoid ~600-730s inactivity timeouts  [tag: planner-discipline] [tag: plan-shape] [tag: bellows-integration]	pending		no-implemented-proposal
464	59	"2026-05-26: ""Leftover after ship"" pattern — 5th recurrence in 3 days; the discipline catch rate is 100% but the underlying cause is BACKLOG hygiene not running at ship-time  [tag: planner-discipline] [tag: backlog-hygiene] [tag: forge-candidate]"	unknown		detector-UNDECIDABLE(ratio=0.00,phrases=0,reason=no_target)
497	60	2026-05-26: When mining agent step logs for tool-denial events, parse JSON structure; don't grep `raw_output` strings  [tag: planner-discipline] [tag: methodology] [tag: log-mining] [tag: forge-candidate]	learned	PLANNER_TEMPLATE.md	detector-PASS(ratio=1.00,phrases=0)
544	61	2026-05-26: Inline `**Deposits:**` blocks with un-prefixed backticked paths silently fail `_extract_plan_required_deposits`  [tag: planner-discipline] [tag: rule-26] [tag: bellows-integration]	learned	PLANNER_TEMPLATE.md	detector-PASS(ratio=0.86,phrases=0)
581	62	2026-05-26: scope_check trip identified the WRONG file in CEO context, leading to a diagnostic that questioned the right thing but framed the question wrong  [tag: planner-discipline] [tag: pattern-recognition]	learned	PLANNER_TEMPLATE.md	detector-PASS(ratio=0.88,phrases=0)
599	63	2026-05-22: Parallel diagnostics against the same project conflict at teardown on shared bookkeeping files  [tag: planner-discipline] [tag: bellows-design]	learned	PLANNER_TEMPLATE.md	detector-PASS(ratio=1.00,phrases=4)
626	64	2026-05-22: Pre-scan-style fix-ups must disambiguate filename-overloaded lifecycle states  [tag: planner-discipline] [tag: bellows-design]	learned	PLANNER_TEMPLATE.md	detector-PASS(ratio=0.80,phrases=0)
663	65	2026-05-22: Planner manually renamed in-progress-* → verdict-pending-* and triggered re-dispatch loop  [tag: planner-discipline]	learned	PLANNER_TEMPLATE.md	detector-PASS(ratio=1.00,phrases=0)
680	66	2026-05-22: Bellows-side fix-plan with in-plan filesystem migration is ineffective until daemon restart  [tag: planner-discipline]	learned	PLANNER_TEMPLATE.md	detector-PASS(ratio=1.00,phrases=2)
708	67	2026-05-20: Phase 1.5 Source 0 (shop_next_session.md) skipped at session start	learned	PLANNER_TEMPLATE.md	detector-PASS(ratio=1.00,phrases=1)
733	68	2026-05-20: Worktree collision — Planner edited a project file while a worktree was active on the same plan	learned	PLANNER_TEMPLATE.md	detector-PASS(ratio=1.00,phrases=2)
760	69	2026-05-20: CEO addenda routed downstream via verdict, not upstream via file edit	learned	PLANNER_TEMPLATE.md	detector-PASS(ratio=1.00,phrases=0)
796	70	2026-05-20: QA-step prompts must reference RULE_20_SELF_CHECK_BLOCK.md, not paraphrase Rule 20	learned	PLANNER_TEMPLATE.md	detector-PASS(ratio=1.00,phrases=1)
825	71	2026-05-27: Timing/ordering hypotheses must be verified against the most recent ordering audit before being asserted	learned	PLANNER_TEMPLATE.md	detector-PASS(ratio=0.86,phrases=6)
848	72	"2026-05-27: ""Empty cherry-pick"" during worktree teardown is not always a teardown failure — fetch origin before recovery"	learned	PLANNER_TEMPLATE.md	detector-PASS(ratio=1.00,phrases=0)
872	73	2026-05-27: Local-vs-origin parallel-SHA divergence is a routine outcome of worktree teardown, not a bug	learned	PLANNER_TEMPLATE.md	detector-PASS(ratio=1.00,phrases=0)
894	74	2026-05-21: STOP-prose recurrence in Bellows-dispatched plans	learned	PLANNER_TEMPLATE.md	detector-PASS(ratio=1.00,phrases=0)
916	75	2026-05-21: Planner specified the WHAT without the WHERE-IT-CONNECTS (field-invention pattern)	learned	PLANNER_TEMPLATE.md	detector-PASS(ratio=0.75,phrases=1)
939	76	2026-05-21: Verdict response filename must mirror request filename byte-for-byte	learned	PLANNER_TEMPLATE.md	detector-PASS(ratio=1.00,phrases=0)
958	77	2026-05-21: Worktree lifecycle hygiene — three discipline rules from a high-friction session	learned	PLANNER_TEMPLATE.md	detector-PASS(ratio=0.83,phrases=0)
1022	78	2026-05-22: BACKLOG defers grounded in Planner-side fallback can be silently invalidated by gate mechanization  [tag: planner-discipline] [tag: governance-design]	learned	PLANNER_TEMPLATE.md	detector-PASS(ratio=1.00,phrases=1)
1048	79	2026-05-22: Multi-step diagnostic with `pause_for_verdict: after_step_1` skips intermediate-step CEO review  [tag: planner-discipline] [tag: plan-authoring]	learned	PLANNER_TEMPLATE.md	detector-PASS(ratio=1.00,phrases=1)
1076	80	2026-05-22: Bellows plan-content cache is claim-time snapshot; post-claim plan edits do not propagate to downstream agents  [tag: planner-discipline] [tag: bellows-architecture]	learned	PLANNER_TEMPLATE.md	detector-PASS(ratio=1.00,phrases=1)
1097	81	2026-05-22: processed-verdict-* renormalization loop on advanced plans  [tag: planner-discipline] [tag: bellows-architecture]	pending		no-implemented-proposal
1114	82	"2026-05-22: Bellows runner log ""(step N)"" label lags actual dispatch state  [tag: planner-discipline]"	unknown		detector-UNDECIDABLE(ratio=0.00,phrases=0,reason=no_target)
1130	83	2026-05-22: Rule 22 (d) hedging-keyword detector false-positive on domain terminology  [tag: planner-discipline] [tag: bellows-design]	pending		no-implemented-proposal
1143	84	2026-05-22: Final-step gate_failure leaves plan stuck — Planner-direct Done move is the recovery  [tag: planner-discipline]	learned	PLANNER_TEMPLATE.md	detector-PASS(ratio=1.00,phrases=1)
1168	85	2026-05-25: QA-step deposits blocks must declare exactly one `.md` file or the gate misfires  [tag: planner-discipline] [tag: bellows-integration]	learned	PLANNER_TEMPLATE.md	detector-PASS(ratio=0.80,phrases=3)
1197	86	2026-05-25: Mechanizing a new authoritative data source requires shipping the governance edit that obligates writing it  [tag: planner-discipline] [tag: orchestration-pattern]	learned	PLANNER_TEMPLATE.md	detector-PASS(ratio=0.88,phrases=6)
1229	87	2026-05-25: Targeted-scope QA can miss regressions in test files outside the targeted bucket [tag: planner-discipline] [tag: rule-21]	learned	PLANNER_TEMPLATE.md	detector-PASS(ratio=1.00,phrases=3)
1254	88	2026-05-25: `git diff --stat` working-tree-vs-index is blind to committed changes; agents commit during steps as standard practice [tag: bellows-architecture]	unknown		detector-UNDECIDABLE(ratio=0.00,phrases=0,reason=no_target)
1269	89	2026-05-26: `pause_for_verdict` accepts only three values; inventing a fourth gets a WARN, not an error [tag: planner-discipline, bellows-architecture]	learned	PLANNER_TEMPLATE.md	detector-PASS(ratio=0.80,phrases=1)
1286	90	2026-05-26: Use `**Deposits:**` blocks for ALL agent deposits including QA reports; the prose-fallback parser is fragile [tag: planner-discipline, rule-26]	learned	PLANNER_TEMPLATE.md	detector-PASS(ratio=1.00,phrases=0)
1305	91	2026-05-26: Stale priority claims propagate across batons without PROJECT_STATUS cross-check [tag: planner-discipline, baton-discipline]	learned	PLANNER_TEMPLATE.md	detector-PASS(ratio=1.00,phrases=0)
1323	92	2026-05-26: BACKLOG entries authored from current-state grep without scanning Closed history can misframe already-evaluated work [tag: planner-discipline, backlog-discipline]	learned	PLANNER_TEMPLATE.md	detector-PASS(ratio=0.89,phrases=0)
1341	93	2026-05-27: Schema migrations shipped in `src/db.py` are not applied to production DB by code commit alone [tag: schema-discipline, forge-architecture]	unknown		conflicting-proposals-quarantined
1359	115	2026-05-29: SA blueprints that add a value to a recognized-set must verify all downstream consumers handle the new value [tag: sa-discipline, blueprint-completeness]	learned	PLANNER_TEMPLATE.md	detector-PASS(ratio=1.00,phrases=7)
1377	116	2026-05-29: Bellows `scope_check` gate cannot evaluate plans that delegate file lists to a referenced blueprint [tag: bellows-architecture, planner-discipline]	unknown		conflicting-proposals-quarantined
1403	117	2026-06-03: Lessons Forge `run_full_lessons_cycle` returns every parsed entry in `needs_classification`, not the unclassified subset [tag: lessons-forge, planner-discipline]	learned	PLANNER_TEMPLATE.md	detector-PASS(ratio=1.00,phrases=0)
1415	118	2026-06-03: Never re-dispatch a Bellows plan while local `main` carries uncommitted state — it trips the dirty-tree teardown pre-check [tag: planner-discipline, bellows-architecture]	pending		no-implemented-proposal
1427	119	2026-06-06: `pause_for_verdict` must be validated against the daemon's accepted enum before deposit [tag: planner-discipline, bellows-architecture]	learned	PLANNER_TEMPLATE.md	detector-PASS(ratio=1.00,phrases=1)
1435	120	2026-06-06: Gate-enforced QA steps must be made unmissable in the prompt, not listed last [tag: planner-discipline, qa-discipline]	learned	PLANNER_TEMPLATE.md	detector-PASS(ratio=0.75,phrases=3)
1443	121	2026-06-06: Run the FULL test suite during DEV and Planner review — Bellows gates do not include suite-green [tag: planner-discipline, qa-discipline]	learned	PLANNER_TEMPLATE.md	detector-PASS(ratio=1.00,phrases=7)
1451	122	2026-06-06: `__file__`-relative root constants break under git-worktree execution — resolve via marker walk-up [tag: bellows-architecture, planner-discipline]	unknown		detector-UNDECIDABLE(ratio=0.00,phrases=0,reason=no_target)
1459	123	2026-06-06: Don't inherit the baton's framing — find root cause and downstream effects, cut what doesn't work [tag: planner-discipline]	unknown		conflicting-proposals-quarantined
1468	124	2026-06-09: Never gate a behavior-preservation regression on a composite/score hash when scoring is time-dependent [tag: planner-discipline, anvil]	learned	PLANNER_TEMPLATE.md	detector-PASS(ratio=0.67,phrases=0)
1478	125	2026-06-09: Derive the DEV step's allowed-file set from the SA's consumer grep, not a hand-typed expected list [tag: planner-discipline, bellows-architecture]	learned	PLANNER_TEMPLATE.md	detector-PASS(ratio=1.00,phrases=3)
1488	126	2026-06-11: Scope enumerations must include the test-infrastructure files implied by new module-level state [tag: planner-discipline, bellows-architecture]	pending		no-implemented-proposal
1498	127	2026-06-11: Don't paraphrase a referenced design artifact's technical specifics inline — the paraphrase becomes the instruction [tag: planner-discipline]	pending		no-implemented-proposal
1508	128	2026-06-11: Convention redefinition requires occurrence-grep, not site enumeration [tag: planner-discipline]	learned	PLANNER_TEMPLATE.md	detector-PASS(ratio=0.80,phrases=0)
1519	129	2026-06-12: Generator-run verification produces files [tag: planner-discipline]	pending		no-implemented-proposal
1529	130	2026-06-12: Verdict disposition text does not reach the resumed step [tag: planner-discipline]	learned	PLANNER_TEMPLATE.md	detector-PASS(ratio=0.67,phrases=3)
1540	131	2026-06-12: Gates do not enforce step composition — Position A lives in the Planner's checklist  [tag: planner-discipline]	learned	PLANNER_TEMPLATE.md	detector-PASS(ratio=1.00,phrases=4)
1551	132	2026-06-14: Agents may emit the Output Receipt inside a tool call, not as bare text [tag: daemon-discipline]	pending		no-implemented-proposal
1562	133	2026-06-14: Bound regex subsection captures — greedy-to-EOF grabs trailing prose [tag: daemon-discipline]	pending		no-implemented-proposal
1573	134	2026-06-14: Live-canary every daemon-write activation; green tests are not enough [tag: process-discipline]	unknown		detector-UNDECIDABLE(ratio=0.00,phrases=0,reason=no_target)
1584	135	2026-06-14: Scope test files generously [tag: planner-discipline]	pending		no-implemented-proposal
1595	136	"2026-07-06: QA substituted evidence source without disclosure — absolute-path URI makes ""worktree has no DB"" a non-reason [tag: qa-discipline]"	learned	FORGE_QA.md	detector-PASS(ratio=0.86,phrases=0)
1606	137	2026-07-06: DB-out-of-git projects need an evidence-source contract in QA steps — per-row DB-source statement [tag: planner-discipline]	learned	PLANNER_TEMPLATE.md	detector-PASS(ratio=1.00,phrases=1)
1617	138	2026-07-07: Session-limit 429 defeats runner retry-once — pause-and-hold needed [tag: bellows]	pending		no-implemented-proposal
1628	139	2026-07-07: Classifier file-existence claims must be disk-verified before disposition [tag: planner-discipline]	learned	PLANNER_TEMPLATE.md	detector-PASS(ratio=1.00,phrases=0)
1639	140	2026-07-07: qa_steps header is a step-number list, not a count — copied convention from a degenerate example [tag: planner-discipline]	learned	PLANNER_TEMPLATE.md	detector-PASS(ratio=1.00,phrases=1)
1650	141	2026-07-16: Never state a bare expected number in plan text — pair every prediction with verify-and-explain [tag: planner-discipline]	learned	PLANNER_TEMPLATE.md	detector-PASS(ratio=1.00,phrases=9)
1663	142	2026-07-16: High-stakes executables get a drafting cycle — draft off-queue, analyze under named lenses, fold, repeat to diminishing returns [tag: planner-discipline]	learned	PLANNER_TEMPLATE.md	detector-PASS(ratio=0.88,phrases=0)
1674	143	"2026-07-17: A worktree QA step cannot verify a live-DB migration — it fresh-builds and calls it ""migrated"" [tag: qa-discipline]"	learned	PLANNER_TEMPLATE.md	detector-PASS(ratio=1.00,phrases=6)
1685	144	2026-07-17: Drafting cycle pass 4 — scan the draft against the project's own record; imagination misses what memory catches [tag: planner-discipline]	learned	PLANNER_TEMPLATE.md	detector-PASS(ratio=0.86,phrases=2)
1696	145	2026-07-17: A region-scoped metric computed unscoped poisons the verdict — the config-2 phantom gap [tag: planner-discipline]	learned	PLANNER_TEMPLATE.md	detector-PASS(ratio=0.89,phrases=0)
1706	146	2026-07-17: A CURRENT_SCHEMA_VERSION bump always breaks version-pinned assertions — fix them in the SAME DEV step, preserve migration preconditions [tag: planner-discipline]	learned	PLANNER_TEMPLATE.md	detector-PASS(ratio=1.00,phrases=4)
1716	147	2026-07-19: An instruction that is not a numbered row, a named test, or a gate is an instruction that evaporates [tag: planner-discipline]	learned	PLANNER_TEMPLATE.md	detector-PASS(ratio=0.75,phrases=6)
1730	148	2026-07-19: Grep presence is not effect — a wired call needs an observed behaviour change, not a source-code match [tag: qa-discipline]	learned	PLANNER_TEMPLATE.md	detector-PASS(ratio=1.00,phrases=1)
1742	149	2026-07-19: Add an ACID lens to the Drafting Cycle — the four named passes examine requirements individually, none examines them as a system [tag: planner-discipline]	learned	PLANNER_TEMPLATE.md	detector-PASS(ratio=0.67,phrases=2)
1756	150	2026-07-19: The full Drafting Cycle applies to DIAGNOSTICS, not just executables — its escalation triggers are worded so a read-only plan never trips them [tag: planner-discipline]	learned	PLANNER_TEMPLATE.md	detector-PASS(ratio=1.00,phrases=1)
1770	151	2026-07-20: A drafting-cycle lens is not done at one pass — iterate until the lens runs dry (0 or minor-only), because folding changes the draft [tag: planner-discipline]	learned	PLANNER_TEMPLATE.md	detector-PASS(ratio=0.75,phrases=1)
1787	152	2026-07-20: Add a conflict-serializability lens to the Drafting Cycle — model the plan's DB operations as a transaction schedule and check that concurrent execution stays serializable [tag: planner-discipline]	learned	PLANNER_TEMPLATE.md	detector-PASS(ratio=0.78,phrases=2)
1799	153	2026-07-20: Drafting Cycle lenses have plan-shape-dependent skip-rules — destruction is provably dry on reversible-write plans; integration-vs-record is never skippable [tag: planner-discipline]	pending		no-implemented-proposal
1814	154	2026-07-20: A fix is not done until a full-artifact sweep confirms no sibling instances of the same defect [tag: planner-discipline]	learned	PLANNER_TEMPLATE.md	detector-PASS(ratio=1.00,phrases=7)
1826	155	2026-07-20: The Drafting Cycle's lens set is OPEN — a novel lens finds what repetition cannot, and a new lens's first fold must be reviewed by the standing lenses [tag: planner-discipline]	learned	PLANNER_TEMPLATE.md	detector-PASS(ratio=0.80,phrases=5)
1839	156	2026-07-20: Walk the lens list, don't re-run one lens to dry — a fold's defect is usually caught by a DIFFERENT lens reading a DIFFERENT source [tag: planner-discipline]	pending		no-implemented-proposal
1854	157	2026-07-20: A `git status/diff -- <file>` from a submodule or worktree passes VACUOUSLY when the file is tracked by a different repo — use `git -C <the tracking repo>` [tag: qa-discipline]	learned	PLANNER_TEMPLATE.md	detector-PASS(ratio=1.00,phrases=5)
1864	158	2026-07-21: Parallelism belongs WITHIN a drafting-cycle pass, never ACROSS lenses — across-lens parallelism severs the cumulative property [tag: planner-discipline]	learned	PLANNER_TEMPLATE.md	detector-PASS(ratio=0.90,phrases=3)
1878	159	2026-07-21: A guard must observe from the tree where the state actually lives — lifecycle state is main-tree-uncommitted and structurally invisible to worktrees [tag: qa-discipline]	learned	PLANNER_TEMPLATE.md	detector-PASS(ratio=1.00,phrases=2)
1892	160	2026-07-21: Resume machinery is justified only when the interrupted work is NOT reproducible from its recipe — reproducible work gets restore-and-redo [tag: plan-authoring]	learned	PLANNER_TEMPLATE.md	detector-PASS(ratio=1.00,phrases=10)
1904	161	2026-07-21: Plan boilerplate inherited from the manual-execution era can instruct the exact act the daemon codifies as a violation [tag: bellows-integration]	pending		no-implemented-proposal
1918	162	2026-07-21: A novel lens reliably finds the right WINDOW and reliably ships a broken MECHANISM — sequence a standing lens behind its fold [tag: planner-discipline]	learned	PLANNER_TEMPLATE.md	detector-PASS(ratio=1.00,phrases=1)
1933	163	2026-07-21: Context saturation is a reviewer failure mode — when late walks go quiet, rotate the reviewer, not the lens [tag: planner-discipline]	learned	PLANNER_TEMPLATE.md	detector-PASS(ratio=0.83,phrases=4)
1945	164	2026-07-21: A verification check that can FALSE-FAIL is a different risk class — execute it against live data before the plan ships [tag: qa-discipline]	learned	PLANNER_TEMPLATE.md	detector-PASS(ratio=1.00,phrases=3)
1957	165	"2026-07-21: The drafting cycle cannot validate an executable check — and a fold that ""hardens"" one cements its blind spot [tag: planner-discipline]"	learned	PLANNER_TEMPLATE.md	detector-PASS(ratio=1.00,phrases=2)
1968	166	2026-07-22: Finding a halted plan's successor is a three-rung ladder, and the rung is chosen by the title's shape [tag: planner-discipline]	learned	PLANNER_TEMPLATE.md	detector-PASS(ratio=1.00,phrases=2)
1980	167	2026-07-22: A diagnostic's substance is FINDINGS, not code — disposition methods built for executables mis-handle them silently [tag: planner-discipline]	learned	PLANNER_TEMPLATE.md	detector-PASS(ratio=0.86,phrases=0)
1992	168	2026-07-22: A directory-declared deposit makes `landed` and path-resolution unfalsifiable — it needs a third outcome, not a boolean [tag: qa-discipline]	learned	PLANNER_TEMPLATE.md	detector-PASS(ratio=1.00,phrases=2)
2004	169	2026-07-22: The shell's `grep` is ignore-aware, so completeness sweeps silently under-report — and the un-ignored form is slow enough to time a step out [tag: planner-discipline]	learned	PLANNER_TEMPLATE.md	detector-PASS(ratio=1.00,phrases=0)
2016	170	2026-07-22: A remedy for a correctly-identified defect reliably carries a new defect — test the fix against the same lens and data that found the original [tag: planner-discipline]	learned	PLANNER_TEMPLATE.md	detector-PASS(ratio=1.00,phrases=2)
2030	171	2026-07-22: Verify a plan by RUNNING its procedure on real data, not by checking whether its claims are true — the two are different audits [tag: planner-discipline]	learned	PLANNER_TEMPLATE.md	detector-PASS(ratio=1.00,phrases=3)
2042	172	2026-07-22: Restructuring a plan for DRY (splitting, or extracting shared content) trades duplication for a consistency surface that then needs its own hardening [tag: planner-discipline]	learned	PLANNER_TEMPLATE.md	detector-PASS(ratio=0.90,phrases=0)
2056	173	2026-07-22: Generalising a concrete guard into an inference waters it down when the specific value carried information the general phrasing does not [tag: planner-discipline]	learned	PLANNER_TEMPLATE.md	detector-PASS(ratio=0.78,phrases=0)
2068	174	2026-07-22: The finished deliverable's physical shape is a question none of the instruction-lenses asks — inspect the output form separately [tag: planner-discipline]	learned	PLANNER_TEMPLATE.md	detector-PASS(ratio=1.00,phrases=1)
2080	175	2026-07-22: Read the record before deriving — three times in one cycle a method or fact was reconstructed empirically that was already codified, twice in a file the plan already cited [tag: planner-discipline]	pending		no-implemented-proposal
2090	176	2026-07-22: A Bellows-dispatched step's OUTPUT files must be written at paths relative to the agent's own working tree; absolute main-tree paths are correct for canonical-DB READS and wrong for deposit WRITES [tag: bellows-integration]	learned	PLANNER_TEMPLATE.md	detector-PASS(ratio=1.00,phrases=6)
2100	177	2026-07-22: The five adversarial lenses do not check a plan against the codified authoring rules — a mechanical conformance pass belongs in the drafting cycle [tag: planner-discipline]	learned	PLANNER_TEMPLATE.md	detector-PASS(ratio=1.00,phrases=6)
2110	178	2026-07-22: A plan's pre-stated conclusions anchor the executing agent toward them — and toward the cheapest disposition; each must carry the same evidence burden and a mandatory verification the agent can falsify [tag: planner-discipline]	learned	PLANNER_TEMPLATE.md	detector-PASS(ratio=0.85,phrases=5)
2123	179	2026-07-24: The Drafting Cycle's five lenses are written for executables — a read-only diagnostic under-exercises Destruction and ACID, which need diagnostic-mode residues [tag: planner-discipline]	learned	DRAFTING_CYCLE.md	detector-PASS(ratio=0.67,phrases=1)
2133	180	"2026-07-24: §2 implies but does not STATE ""run each lens against the prior lens's folded draft, never batch"" — the gap let the Planner batch a walk twice in one session [tag: planner-discipline]"	learned	DRAFTING_CYCLE.md	detector-PASS(ratio=0.67,phrases=5)
2143	181	2026-07-24: The §4 plan_lint closing-line self-check is a gameable substring heuristic — it should read the last lens line's status, not the closing prose [tag: bellows-integration]	learned	DRAFTING_CYCLE.md	detector-PASS(ratio=0.86,phrases=4)
2153	182	2026-07-24: DRAFTING_CYCLE.md §3's own T0 cycle_tier format example TRIPS the §4 plan_lint regex — a live doc-vs-gate contradiction [tag: bellows-integration]	learned	DRAFTING_CYCLE.md	detector-PASS(ratio=1.00,phrases=0)
2163	183	2026-07-27: When cloning a plan, diff its machinery against the NEWEST same-class plan, not just the origin you copied — clone-drift accrues against the latest hardening [tag: planner-discipline]	learned	DRAFTING_CYCLE.md	detector-PASS(ratio=0.62,phrases=5)
2175	184	2026-07-27: Choose the QA Rule 20 self-check FORM by plan class — full canonical block + real evidence files for a doc/DB plan, simple banner for a move-only plan; a full-form mandate with no evidence files is an unsatisfiable, plan-halting QA step [tag: planner-discipline]	learned	PLANNER_TEMPLATE.md	detector-PASS(ratio=1.00,phrases=5)
2187	185	2026-07-28: A fold lands where the defect was NOTICED, not everywhere the changed thing is DESCRIBED — sweep every site before closing the fold [tag: planner-discipline]	learned	PLANNER_TEMPLATE.md	detector-PASS(ratio=1.00,phrases=4)
2199	186	2026-07-28: Review attention follows CHURN, not RISK — the step that mutates can go unreviewed while the step that only reads is polished [tag: planner-discipline]	learned	DRAFTING_CYCLE.md	detector-PASS(ratio=0.83,phrases=0)
2211	187	2026-07-28: The granularity of a verification must match the granularity of the change it certifies [tag: planner-discipline]	learned	DRAFTING_CYCLE.md	detector-PASS(ratio=0.50,phrases=2)
2223	188	2026-07-28: READ the cited rule; do not recall it — seven folds in one cycle came from this single move [tag: planner-discipline]	learned	PLANNER_TEMPLATE.md	detector-PASS(ratio=1.00,phrases=3)
2235	189	"2026-07-28: DRAFTING_CYCLE.md §3's ""compact"" is load-bearing — a narrative Cycle Log becomes an instruction surface inside the final step's span [tag: bellows-integration]"	learned	DRAFTING_CYCLE.md	detector-PASS(ratio=0.88,phrases=0)
2247	190	"2026-07-28: plan_lint's §4 Drafting-Cycle check has four independent defects — three of its sub-checks cannot fail and the closing check inverts on ""NOT dry"" [tag: bellows-integration]"	learned	DRAFTING_CYCLE.md	detector-PASS(ratio=0.86,phrases=2)
2259	191	2026-07-28: An honest QA failure passes the Rule 20 self-check — the block reads evidence and hedging, never verdicts, and its failure output poisons the report it is pasted into [tag: bellows-integration]	learned	RULE_20_SELF_CHECK_BLOCK.md	detector-PASS(ratio=0.73,phrases=0)
2271	192	2026-07-28: I recorded four lens passes as DRY without running them — an unrun verification asserted as complete is the same failure the whole cycle exists to prevent [tag: planner-discipline]	learned	DRAFTING_CYCLE.md	detector-PASS(ratio=1.00,phrases=2)
2283	193	2026-07-29: An artifact a step COPIES at run time has an authoring-vs-runtime drift window — pin its content hash, because a version number is inert [tag: bellows-integration]	learned	PLANNER_TEMPLATE.md	detector-PASS(ratio=1.00,phrases=5)
2299	194	2026-07-30: When one region keeps getting re-folded, the answer is usually DELETION, not another patch — and every patch feeling correct is exactly why it hides [tag: planner-discipline]	learned	DRAFTING_CYCLE.md	detector-PASS(ratio=0.78,phrases=0)
2313	195	2026-07-30: Verify a guard's NECESSITY against the runtime, not only its correctness — I built a correct ladder for a state that cannot occur [tag: planner-discipline]	learned	PLANNER_TEMPLATE.md	detector-PASS(ratio=1.00,phrases=0)
2327	196	2026-07-30: Check what a command PRINTS on success versus failure, not just what it does — three plan checks were unreadable in one cycle [tag: planner-discipline]	learned	DRAFTING_CYCLE.md	detector-PASS(ratio=0.71,phrases=2)
2341	197	2026-07-30: A fix applied at the site where it was found will be re-created elsewhere — state it as a RULE, not as an edit [tag: planner-discipline]	learned	PLANNER_TEMPLATE.md	detector-PASS(ratio=1.00,phrases=3)
2355	198	2026-07-30: The final step's gate span absorbs the Drafting Cycle block, so a gate-matching string QUOTED in the log is evaluated as if the step had said it [tag: bellows-integration]	learned	DRAFTING_CYCLE.md	detector-PASS(ratio=1.00,phrases=16)
2369	199	2026-08-01: A COUNT is not a VALUE guard — trading one for the other passes every check and loses the capability [tag: planner-discipline]	learned	DRAFTING_CYCLE.md	detector-PASS(ratio=0.67,phrases=6)
2383	200	2026-08-01: Marking a claim as INHERITED makes it honest, not true — the reason for not re-running it is itself an unverified claim [tag: planner-discipline]	learned	DRAFTING_CYCLE.md	detector-PASS(ratio=1.00,phrases=7)
2397	201	2026-08-01: When something does not arrive, read the DELIVERY code before theorising about who dropped it [tag: bellows-integration]	learned	PLANNER_TEMPLATE.md	detector-PASS(ratio=1.00,phrases=6)
2411	202	2026-08-01: Falling severity across walks is not convergence — ROTATION is [tag: planner-discipline]	learned	DRAFTING_CYCLE.md	detector-PASS(ratio=1.00,phrases=1)
2425	203	2026-08-01: An annotated status cell passes BOTH gates while asserting nothing — a third verdict value is an invisible one [tag: bellows-integration]	learned	RULE_20_SELF_CHECK_BLOCK.md	detector-PASS(ratio=0.86,phrases=0)
2439	204	2026-08-01: A guard's exit-code semantics must be EXECUTED against the failure it names, not the failure that inspired it [tag: bellows-integration]	learned	DRAFTING_CYCLE.md	detector-PASS(ratio=0.80,phrases=1)
2453	205	2026-08-01: The edit phase manufactures defects even when the edit is a REPAIR — and a ledger records that rather than preventing it [tag: planner-discipline]	learned	DRAFTING_CYCLE.md	detector-PASS(ratio=1.00,phrases=3)
2467	206	2026-08-01: Aim the cold panel at the premises that LICENSE a deletion — that is where the author has already convinced themselves [tag: planner-discipline]	learned	DRAFTING_CYCLE.md	detector-PASS(ratio=1.00,phrases=13)
2481	207	2026-08-01: A true warning silenced by wording is not a cleared warning — re-run the check after every edit to the block it reads [tag: bellows-integration]	learned	DRAFTING_CYCLE.md	detector-PASS(ratio=1.00,phrases=2)
2496	208	2026-08-03: The cold panel's yield does not decay, and a third of it is the previous round's folds [tag: drafting-cycle]	learned	DRAFTING_CYCLE.md	detector-PASS(ratio=0.00,phrases=8)
2510	209	2026-08-03: Seven folds on one region is not a patching problem, it is evidence for deletion [tag: drafting-cycle]	learned	DRAFTING_CYCLE.md	detector-PASS(ratio=1.00,phrases=3)
2524	210	2026-08-03: A verification that tests something adjacent to the change can certify a fold that never landed [tag: verification]	learned	PLANNER_TEMPLATE.md	detector-PASS(ratio=1.00,phrases=2)
2541	211	2026-08-03: A note-shaped verification row cannot live in a glyph-required table [tag: bellows-integration]	learned	PLANNER_TEMPLATE.md	detector-PASS(ratio=1.00,phrases=0)
2553	212	2026-08-03: A command containing a pipe cannot be quoted verbatim inside a markdown table cell [tag: bellows-integration]	learned	PLANNER_TEMPLATE.md	detector-PASS(ratio=1.00,phrases=3)
2567	213	2026-08-03: Daemon liveness is `ps -p` against a recorded PID, not a pgrep pattern [tag: bellows-integration]	learned	PLANNER_TEMPLATE.md	detector-PASS(ratio=1.00,phrases=2)
2579	214	2026-08-03: A post-activation live canary can be paid for by the backlog it records [tag: process-discipline]	learned	PLANNER_TEMPLATE.md	detector-PASS(ratio=1.00,phrases=1)
2593	215	2026-08-03: The register append succeeded, recorded a pointer, and lost every item — a channel can fail a third distinct way [tag: bellows-integration]	learned	PLANNER_TEMPLATE.md	detector-PASS(ratio=1.00,phrases=2)
2609	216	2026-08-03: A ledger constraint that ENUMERATES decays as oscillation, not staleness [tag: drafting-cycle]	learned	DRAFTING_CYCLE.md	detector-PASS(ratio=0.83,phrases=2)
2625	217	2026-08-03: A rule authored in the VERIFIER is a rule the producer never reads [tag: planner-discipline]	learned	PLANNER_TEMPLATE.md	detector-PASS(ratio=1.00,phrases=1)
2639	218	2026-08-03: A plan's claim about what a gate enforces is a claim to verify, not to inherit [tag: bellows-integration]	learned	PLANNER_TEMPLATE.md	detector-PASS(ratio=1.00,phrases=4)
2656	219	"2026-08-03: ""The newest same-class plan"" is a measurement, not something you recall [tag: planner-discipline]"	learned	DRAFTING_CYCLE.md	detector-PASS(ratio=1.00,phrases=3)
2670	220	2026-08-03: A self-check that reads the DEPOSIT cannot verify a channel that parses the TRANSCRIPT [tag: bellows-integration]	learned	PLANNER_TEMPLATE.md	detector-PASS(ratio=1.00,phrases=3)
2684	221	2026-08-03: items-in equals items-out, and the item still arrives truncated [tag: verification]	learned	PLANNER_TEMPLATE.md	detector-PASS(ratio=0.67,phrases=0)
2698	222	2026-08-03: Machinery added to close a durability gap clobbered the artifact it protected, on the exact path it was built for [tag: planner-discipline]	learned	PLANNER_TEMPLATE.md	detector-PASS(ratio=0.60,phrases=3)
2712	223	2026-08-03: Renaming an excuse launders it past the rule that already forbids it [tag: planner-discipline]	learned	DRAFTING_CYCLE.md	detector-PASS(ratio=0.50,phrases=3)
2726	224	2026-08-03: Six adversarial passes found the content defects; the one-command conformance check would have found forty others, and it never ran [tag: planner-discipline]	learned	DRAFTING_CYCLE.md	detector-PASS(ratio=0.86,phrases=1)
2743	225	2026-08-03: A walk aimed at the last fold is not a walk — coverage is the convergence signal, not a falling count [tag: drafting-cycle]	learned	DRAFTING_CYCLE.md	detector-PASS(ratio=1.00,phrases=6)
2759	226	2026-08-03: Delete the check, not its label — and verify by the check's absence [tag: planner-discipline]	learned	DRAFTING_CYCLE.md	detector-PASS(ratio=1.00,phrases=0)
2773	227	2026-08-03: A structural cut is an edit, and it has its own defect class [tag: planner-discipline]	learned	DRAFTING_CYCLE.md	detector-PASS(ratio=1.00,phrases=2)
2789	228	2026-08-03: In a block parsed subsection by subsection, the LAST subsection is the exposed one [tag: bellows-integration]	learned	PLANNER_TEMPLATE.md	detector-PASS(ratio=1.00,phrases=1)
2803	229	2026-08-03: A pipe masks the exit code, and it caught four independent readers in one session [tag: verification]	learned	DRAFTING_CYCLE.md	detector-PASS(ratio=1.00,phrases=4)
2815	230	2026-08-03: A repair can break what it repaired, at the same severity, in the same region [tag: planner-discipline]	learned	DRAFTING_CYCLE.md	detector-PASS(ratio=1.00,phrases=3)
2827	231	2026-08-03: Two gates over the same list pull in opposite directions — required versus tolerated [tag: verification]	learned	PLANNER_TEMPLATE.md	detector-PASS(ratio=0.60,phrases=0)
2839	232	2026-08-03: A pin whose extraction method is unstated is unreproducible, and it fails closed on the honest path [tag: verification]	learned	PLANNER_TEMPLATE.md	detector-PASS(ratio=0.83,phrases=6)
2849	233	2026-08-03: The sweep fails at maximum context — the fix and the missed sibling get written in the same sitting [tag: planner-discipline]	learned	DRAFTING_CYCLE.md	detector-PASS(ratio=0.67,phrases=2)
2863	234	2026-08-03: An independent referent sourced from the actor's own record is not independent [tag: verification]	learned	PLANNER_TEMPLATE.md	detector-PASS(ratio=1.00,phrases=5)
2873	235	2026-08-03: A backup must sit adjacent to the write it inverts, or it is not an inverse [tag: planner-discipline]	learned	PLANNER_TEMPLATE.md	detector-PASS(ratio=1.00,phrases=4)
2885	236	2026-08-03: A zero-difference result needs an inverse control before it means anything [tag: verification]	learned	PLANNER_TEMPLATE.md	detector-PASS(ratio=1.00,phrases=0)
2895	237	2026-08-03: The conformance pass catches what adversarial review structurally cannot [tag: planner-discipline]	learned	DRAFTING_CYCLE.md	detector-PASS(ratio=1.00,phrases=1)
2907	238	2026-08-04: A falling finding-count measures where the reader was sent — proven by removing the aim [tag: planner-discipline]	learned	DRAFTING_CYCLE.md	detector-PASS(ratio=1.00,phrases=1)
2921	239	2026-08-04: Ten consecutive ACID passes each found a defect created by the culmination immediately before it [tag: planner-discipline]	learned	DRAFTING_CYCLE.md	detector-PASS(ratio=1.00,phrases=5)
2933	240	2026-08-04: A retraction that names its own scope can still be incomplete, and a consumer sweep that probes the wording misses the claim [tag: planner-discipline]	learned	DRAFTING_CYCLE.md	detector-PASS(ratio=0.83,phrases=4)
2945	241	2026-08-04: A guard can be safe by accident — executing the real check distinguishes design from luck [tag: verification]	learned	DRAFTING_CYCLE.md	detector-PASS(ratio=0.67,phrases=0)
2957	242	2026-08-04: A measurement must be taken by the method the plan mandates, or it is a prediction [tag: verification]	learned	PLANNER_TEMPLATE.md	detector-PASS(ratio=1.00,phrases=2)
2969	243	2026-08-05: Naive probes degrade as an artifact accumulates its own retraction history [tag: verification]	learned	DRAFTING_CYCLE.md	detector-PASS(ratio=0.83,phrases=0)
2983	244	2026-08-05: A closing line written before the cycle's last phase is wrong by construction [tag: planner-discipline]	learned	DRAFTING_CYCLE.md	detector-PASS(ratio=1.00,phrases=2)
2995	245	2026-08-05: An overloaded token appears in prose far more often than in its real position — first-match probes land hundreds of lines early [tag: verification]	learned	DRAFTING_CYCLE.md	detector-PASS(ratio=0.60,phrases=2)
3009	246	2026-08-05: Copying a guard from a parent plan is not the same as copying its history [tag: planner-discipline]	learned	DRAFTING_CYCLE.md	detector-PASS(ratio=0.50,phrases=2)
3023	247	2026-08-06: A success criterion must declare its polarity — and three individually-correct patches mean the REGION is wrong, not the patches [tag: planner-discipline]	learned	PLANNER_TEMPLATE.md	detector-PASS(ratio=1.00,phrases=1)
3035	248	2026-08-06: The error that FLATTERS your own argument is the one no gate catches [tag: planner-discipline]	learned	DRAFTING_CYCLE.md	detector-PASS(ratio=0.67,phrases=2)
3049	249	2026-08-06: A recorded lesson does not bind the author who recorded it — measured four times in one cycle [tag: planner-discipline]	learned	PLANNER_TEMPLATE.md	detector-PASS(ratio=1.00,phrases=3)
3063	250	2026-08-06: The Cycle Log is the LEAST-examined region precisely because it is rewritten every phase [tag: drafting-cycle]	learned	DRAFTING_CYCLE.md	detector-PASS(ratio=1.00,phrases=3)
3077	251	2026-08-06: The dry condition is unreachable by construction — four consecutive plans have closed without it [tag: drafting-cycle]	learned	DRAFTING_CYCLE.md	detector-PASS(ratio=0.80,phrases=1)
3093	252	2026-08-06: An UN-walked plan lints CLEAN while a fully-walked one WARNs — measured on one artifact across one cycle [tag: instrumentation]	learned	DRAFTING_CYCLE.md	detector-PASS(ratio=0.60,phrases=0)
3105	253	2026-08-06: The negative-result standard was adopted for agents that morning and never applied to my own probes [tag: verification]	learned	DRAFTING_CYCLE.md	detector-PASS(ratio=0.75,phrases=0)
3124	254	2026-08-07: A conformance probe must match the REPRESENTATION, not the spec's prose [tag: verification]	learned	DRAFTING_CYCLE.md	detector-PASS(ratio=1.00,phrases=5)
3134	255	2026-08-07: A fix can break its own DESCRIPTION — re-verify the describing sentence after the fold [tag: drafting]	learned	DRAFTING_CYCLE.md	detector-PASS(ratio=1.00,phrases=0)
3144	256	2026-08-07: A directional insert on a PREFIX anchor lands on the wrong side and passes the line-count proof [tag: mechanics]	learned	PLANNER_TEMPLATE.md	detector-PASS(ratio=1.00,phrases=3)
3154	257	2026-08-07: Commit scoping lives on the COMMIT, not the add [tag: mechanics]	learned	PLANNER_TEMPLATE.md	detector-PASS(ratio=1.00,phrases=2)
3164	258	2026-08-07: Line numbers cited inside shipped code are load-bearing couplings for every doc edit [tag: instrumentation]	learned	PLANNER_TEMPLATE.md	detector-PASS(ratio=0.80,phrases=0)
3174	259	2026-08-07: A parent deposit can carry a DIRECTIVE to a future plan — sweep for them when authoring the successor [tag: drafting]	learned	PLANNER_TEMPLATE.md	detector-PASS(ratio=1.00,phrases=2)
3184	260	2026-08-07: A threshold clause written at a POLE silently drops the mid-band [tag: design]	learned	PLANNER_TEMPLATE.md	detector-PASS(ratio=1.00,phrases=0)
3194	261	2026-08-07: A recovery branch must produce everything the downstream consumers read [tag: design]	learned	PLANNER_TEMPLATE.md	detector-PASS(ratio=1.00,phrases=1)
3202	262	2026-08-07: `grep -c` counts LINES — an intra-line duplicate is invisible to it [tag: verification]	learned	DRAFTING_CYCLE.md	detector-PASS(ratio=1.00,phrases=2)
3212	263	2026-08-07: The closing record is pass-unexamined BY CONSTRUCTION [tag: drafting]	learned	DRAFTING_CYCLE.md	detector-PASS(ratio=1.00,phrases=1)
3222	264	2026-08-07: A foreign constraint id cited by bare number binds to the LOCAL ledger [tag: drafting]	learned	DRAFTING_CYCLE.md	detector-PASS(ratio=1.00,phrases=0)
3232	265	2026-08-07: A true record invisible to the checker's grammar reads as false — write records in the checker's representation [tag: instrumentation]	learned	DRAFTING_CYCLE.md	detector-PASS(ratio=1.00,phrases=0)
3242	266	2026-08-07: A continue verdict is a one-bit channel — a plan reading approval from advancement converts every continue into that approval [tag: bellows-integration]	learned	PLANNER_TEMPLATE.md	detector-PASS(ratio=1.00,phrases=1)
3252	267	2026-08-07: The confirming pass measured composition-clean and literal-dirty in the same pass, then ran dry [tag: drafting-cycle]	learned	DRAFTING_CYCLE.md	detector-PASS(ratio=1.00,phrases=1)
3262	268	2026-08-07: Three constraints opened from the batch's own entries were breached by the folds that followed [tag: drafting-cycle]	learned	DRAFTING_CYCLE.md	detector-PASS(ratio=1.00,phrases=3)
3272	269	2026-08-07: id_sequence at authoring is a prediction — an in-window dispatch consumed it [tag: planner-discipline]	learned	PLANNER_TEMPLATE.md	detector-PASS(ratio=1.00,phrases=3)
3282	270	2026-08-07: The untargeted confirming pass caught the record's own three-line decay [tag: drafting-cycle]	learned	DRAFTING_CYCLE.md	detector-PASS(ratio=1.00,phrases=0)
3292	271	2026-08-07: The three-tranche split held classification quality — no inter-tranche cliff at 3.2x the record batch [tag: process-discipline]	learned	DRAFTING_CYCLE.md	detector-PASS(ratio=1.00,phrases=1)
3301	272	2026-08-08: A recognized-value enum lives in every tool that reads it — ship one copy and the feature fails its own tooling [tag: process-discipline]	learned	PLANNER_TEMPLATE.md	detector-PASS(ratio=1.00,phrases=0)
3311	273	2026-08-08: Argue a trade from the population the change actually touches — a cross-population headline can understate the real price [tag: verification]	learned	PLANNER_TEMPLATE.md	detector-PASS(ratio=1.00,phrases=1)
3321	274	2026-08-08: A truth-restoration edit is held to its own standard in both directions — overstating OR understating enforcement carves a new falsehood [tag: verification]	learned	PLANNER_TEMPLATE.md	detector-PASS(ratio=0.50,phrases=0)
3331	275	2026-08-08: A filter can silence its own evidence base — re-check evidence coherence after every narrowing fold [tag: drafting]	learned	DRAFTING_CYCLE.md	detector-PASS(ratio=1.00,phrases=0)
3341	276	2026-08-08: A specified test fixture can FORCE a guard-weakening — assert degenerate exits against the pre-existing behaviour, not an ideal [tag: verification]	learned	PLANNER_TEMPLATE.md	detector-PASS(ratio=0.86,phrases=0)
3351	277	2026-08-08: A checker's mechanics approximate its condition — the gap fires in both directions, and a verifier can be one mesh finer than its check [tag: instrumentation]	learned	DRAFTING_CYCLE.md	detector-PASS(ratio=0.67,phrases=0)
3361	278	2026-08-08: Panel economics, first metered run — HIGHs come from aimed briefs, ~40% of late findings are residue a script could drain [tag: drafting-cycle]	learned	DRAFTING_CYCLE.md	detector-PASS(ratio=0.83,phrases=1)
3371	279	2026-08-08: Close-commit counts were wrong or absent 4-for-4 — enumerate populations by PATH, reconcile by value, never trust a narrated count [tag: verification]	learned	DRAFTING_CYCLE.md	detector-PASS(ratio=1.00,phrases=1)
3381	280	2026-08-08: The shell's cwd resets between calls — three phase commits landed in the WRONG repo while printing success; cd-first plus a toplevel assert is the whole fix [tag: process-discipline]	learned	PLANNER_TEMPLATE.md	detector-PASS(ratio=1.00,phrases=4)
3391	281	"2026-08-09: The Bellows verdict grammar is continue/stop only — a ""redo"" is a stop plus a corrected re-deposit, and the correction rides a narrowly-keyed A0 branch [tag: bellows-mechanics]"	learned	PLANNER_TEMPLATE.md	detector-PASS(ratio=0.88,phrases=5)
3401	282	2026-08-09: A dash-leading constructed grep pattern parses as an OPTION — exit 2, empty stdout — and a read-the-count rule converts that emptiness into a false answer [tag: probe-integrity]	learned	DRAFTING_CYCLE.md	detector-PASS(ratio=0.67,phrases=0)
3411	283	2026-08-09: A nine-element compound instruction dropped exactly one element in execution — per-element mechanical asserts are what caught it [tag: instruction-design]	pending		no-implemented-proposal
3421	284	"2026-08-09: A walk examines the WHOLE artifact, so ""no walk has examined this region"" is never a true statement — it is the rationalization that hides a cycle folding its own repairs [tag: drafting-cycle]"	learned	DRAFTING_CYCLE.md	detector-PASS(ratio=0.88,phrases=3)
3431	285	2026-08-09: An inherited SEVERITY label survives every check that would have caught an inherited factual claim [tag: verification]	learned	PLANNER_TEMPLATE.md	detector-PASS(ratio=1.00,phrases=3)
3445	286	2026-08-09: plan_lint's expected-WARN set is LOCATION-dependent, so declaring it from the drafting path declares the wrong thing [tag: instrumentation]	pending		no-implemented-proposal
3459	287	2026-08-10: A sweep whose fixes quote what they fixed can never be verified by a count reaching zero [tag: verification]	learned	DRAFTING_CYCLE.md	detector-PASS(ratio=1.00,phrases=0)
3471	288	2026-08-10: A constraint opened mid-cycle is never swept backwards over what already existed [tag: drafting-cycle]	learned	DRAFTING_CYCLE.md	detector-PASS(ratio=0.75,phrases=0)
3483	289	2026-08-10: A check that fails a correct run is a check an agent will loosen [tag: verification]	learned	PLANNER_TEMPLATE.md	detector-PASS(ratio=0.50,phrases=3)
3495	290	2026-08-10: A guard's stated REASON is part of the guard — correct the premise and the guard is already weakened [tag: planner-discipline]	learned	DRAFTING_CYCLE.md	detector-PASS(ratio=0.80,phrases=4)
3507	291	2026-08-10: `LESSONS.md` entries carry no numbers, so an ordinal citation is unverifiable — and one was wrong [tag: process-discipline]	pending		no-implemented-proposal
3519	292	2026-08-10: A changelog says what changed, not which direction — read the diff before calling a change a regression [tag: process-discipline]	learned	DRAFTING_CYCLE.md	detector-PASS(ratio=0.60,phrases=0)
3533	293	2026-08-10: Folding a defect class in one plan does not immunise the next plan against it [tag: drafting-cycle]	pending		no-implemented-proposal
3547	294	2026-08-10: A restructuring pass resets the convergence curve — do not read the finding count as progress [tag: drafting-cycle]	learned	DRAFTING_CYCLE.md	detector-PASS(ratio=0.80,phrases=2)
3561	295	2026-08-10: A corrected corpus measures the FALSE-positive surface and cannot measure true positives at all [tag: verification]	learned	PLANNER_TEMPLATE.md	detector-PASS(ratio=1.00,phrases=3)
3575	296	2026-08-10: Measure how many DIALECTS a record has before computing anything from it [tag: instrumentation]	learned	DRAFTING_CYCLE.md	detector-PASS(ratio=1.00,phrases=0)
3589	297	2026-08-10: `pause_for_verdict: always` is a header contract nothing enforces — an agent ran every step of a three-step plan in one dispatch [tag: bellows-integration]	learned	PLANNER_TEMPLATE.md	detector-PASS(ratio=1.00,phrases=4)
3605	298	2026-08-10: When a self-marking agent returns a NEGATIVE result, the missing independence matters far less [tag: verification]	learned	PLANNER_TEMPLATE.md	detector-PASS(ratio=1.00,phrases=1)
3619	299	2026-08-10: A census that measures PRECISION over survivors has not measured the class — the number that decides a check is RECALL against known positives [tag: measurement]	learned	PLANNER_TEMPLATE.md	detector-PASS(ratio=0.88,phrases=0)
3637	300	2026-08-10: A walk's convergence is told by what its findings TOUCH, not by where they came from [tag: drafting-cycle]	learned	DRAFTING_CYCLE.md	detector-PASS(ratio=1.00,phrases=0)
3651	301	2026-08-10: A gate that reads a token can be silenced by the record RETRACTING that token [tag: mechanization]	learned	DRAFTING_CYCLE.md	detector-PASS(ratio=0.67,phrases=1)
3663	302	2026-08-10: Mandates and their observers drift because they are written in different places [tag: instruction-design]	learned	PLANNER_TEMPLATE.md	detector-PASS(ratio=1.00,phrases=0)
3675	303	2026-08-10: A mismatched literal probe returns a confident FALSE ABSENCE, and it does it on the verification step [tag: verification]	learned	DRAFTING_CYCLE.md	detector-PASS(ratio=0.83,phrases=2)
3691	304	2026-08-10: The walk register is doctrine-ephemeral and practice-permanent — and the permanent copy is the one that did the work [tag: drafting-cycle]	learned	DRAFTING_CYCLE.md	detector-PASS(ratio=1.00,phrases=4)
3705	305	2026-08-10: A per-string prohibition did not hold a structural hazard — the record has to leave the gate span, not be worded around it [tag: bellows-integration]	learned	DRAFTING_CYCLE.md	detector-PASS(ratio=0.71,phrases=0)
3719	306	2026-08-10: A task paragraph accretes correct folds until an agent reads it and acts on a subset [tag: instruction-design]	learned	PLANNER_TEMPLATE.md	detector-PASS(ratio=0.75,phrases=3)
3733	307	2026-08-10: A rule that names its own rationalization still did not bind — the gap is an observer, not wording [tag: drafting-cycle]	learned	DRAFTING_CYCLE.md	detector-PASS(ratio=1.00,phrases=8)
3747	308	2026-08-10: A batch fingerprint and the session-wrap ritual are in direct conflict, and nothing warns you [tag: process-discipline]	learned	PLANNER_TEMPLATE.md	detector-PASS(ratio=0.67,phrases=1)
3761	309	2026-08-10: A subtractive cut is verified by a DIFF REVIEW, and a retained-material checklist cannot do it [tag: verification]	learned	DRAFTING_CYCLE.md	detector-PASS(ratio=1.00,phrases=4)
3775	310	2026-08-11: A clone-diff finds defects the ORIGIN carries, not only what the clone dropped [tag: drafting-cycle]	learned	DRAFTING_CYCLE.md	detector-PASS(ratio=1.00,phrases=8)
3787	311	2026-08-11: Price what a guard is FOR before building it — an unpriced argument cost five of six walks [tag: drafting-cycle]	learned	DRAFTING_CYCLE.md	detector-PASS(ratio=1.00,phrases=8)
3801	312	2026-08-11: Collapsing an accreted region beats patching it, and the collapse costs exactly one finding [tag: drafting-cycle]	pending		no-implemented-proposal
3815	313	2026-08-11: A fix that RECLASSIFIES a state silently widens what proceeds — three consecutive walks, one item [tag: drafting-cycle]	pending		no-implemented-proposal
3833	314	2026-08-11: Only one lens reads outside the artifact, and it does not converge with the others [tag: drafting-cycle]	pending		no-implemented-proposal
3847	315	2026-08-11: 62% of warm-walk findings are the warm walk's own damage — the foundation defects are readable at walk 0 [tag: drafting-cycle]	pending		no-implemented-proposal
3868	316	2026-08-11: A step body has exactly ONE reader — a sentence addressed to anyone else is an instruction the wrong party will follow [tag: planner-discipline]	learned	PLANNER_TEMPLATE.md	detector-PASS(ratio=1.00,phrases=13)
3884	317	2026-08-11: An EDIT ANCHOR is not a probe — assert it is the occurrence you mean before rewriting anything [tag: planner-discipline]	learned	DRAFTING_CYCLE.md	detector-PASS(ratio=1.00,phrases=13)
3898	318	2026-08-11: Four doctrine defects found by reading doctrine AS PROSE — the panel's prose-debt extension [tag: governance]	learned	PLANNER_TEMPLATE.md	detector-PASS(ratio=0.80,phrases=0)
3907	319	2026-08-12: The cold panel's operational layer is lore — seat prompts carry the safety contract and no artifact carries the seat prompts [tag: drafting-cycle]	learned	PANEL_SEAT_TEMPLATE.md	detector-PASS(ratio=1.00,phrases=7)
3915	320	2026-08-12: Meter the panel from seat 0 — a meter added at seat 4 permanently lost seat 1's cost [tag: drafting-cycle]	learned	DRAFTING_CYCLE.md	detector-PASS(ratio=1.00,phrases=0)
3923	321	2026-08-12: The executing seat has no brief — six-for-six HIGHs came from RUNNING the machinery, and the streak broke exactly where the machinery was already run five times [tag: drafting-cycle]	learned	DRAFTING_CYCLE.md	detector-PASS(ratio=1.00,phrases=5)
3931	322	2026-08-12: Panel registers coarsen to one-row-per-seat in every instance — a deviation declared by ALL members of a class is a schema amendment owed [tag: drafting-cycle]	learned	DRAFTING_CYCLE.md	detector-PASS(ratio=0.75,phrases=1)
3939	323	2026-08-12: Cold-front timing is a SHAPE decision, not a bullet — cold passes return 7× the pre-existing yield while warm walks find their own fold damage [tag: drafting-cycle]	learned	DRAFTING_CYCLE.md	detector-PASS(ratio=1.00,phrases=1)
3948	324	2026-08-12: The warm walk's mechanical/judgment split transfers to the panel — four structures that cut the replication layer without touching discovery [tag: drafting-cycle]	learned	DRAFTING_CYCLE.md	detector-PASS(ratio=1.00,phrases=6)
3965	325	2026-08-13: The panel's own fold round is new surface — both capstone HIGHs were interactions BETWEEN the panel's folds [tag: drafting-cycle]	learned	DRAFTING_CYCLE.md	detector-PASS(ratio=1.00,phrases=5)
3973	326	2026-08-13: The record could not license the panel — walk 3 ran dry but was never recorded; strike, don't tidy [tag: drafting-cycle]	learned	DRAFTING_CYCLE.md	detector-PASS(ratio=1.00,phrases=5)
3981	327	2026-08-13: cwd reset between Bash calls reaches OPS compounds too — a daemon relaunch fired from the wrong directory [tag: operational-recovery]	learned	PLANNER_TEMPLATE.md	detector-PASS(ratio=1.00,phrases=6)
3989	328	2026-08-13: A transcribed census row transposed two column values and stayed well-formed — spot-check rows against their cited sources [tag: verification]	unknown		detector-UNDECIDABLE(ratio=0.00,phrases=0,reason=no_target)
3997	329	2026-08-13: One action per ops compound — the close-compound carries a POST-CONDITION, and an unrouted clause is a Gate-1 bypass even when it is right [tag: drafting-cycle]	learned	PLANNER_TEMPLATE.md	detector-PASS(ratio=1.00,phrases=1)
4005	330	2026-08-13: Register DUP-APPEND — one bullet in, two identical rows out, in the cycle's own record [tag: drafting-cycle]	unknown		detector-UNDECIDABLE(ratio=0.40,phrases=0,reason=threshold)
4013	331	2026-08-13: Headerless table rows are INVISIBLE to a header-anchored parser — 46 committed rows had never been validated [tag: verification]	unknown		detector-UNDECIDABLE(ratio=0.29,phrases=0,reason=threshold)
4021	332	2026-08-13: A case-insensitive filesystem defeats a realpath guard — compare inodes, not strings [tag: verification]	pending		no-implemented-proposal
4029	333	2026-08-13: Every sqlite sentinel prints BEFORE the COMMIT — a rollback run produces perfect evidence with nothing written [tag: verification]	unknown		detector-UNDECIDABLE(ratio=0.00,phrases=0,reason=no_target)
4037	334	2026-08-13: A summary line attested a lint run that never happened — the attestation was written from intention, not output [tag: drafting-cycle]	pending		no-implemented-proposal
4045	335	2026-08-13: A strike note that QUOTES a section header becomes a second anchor match — describe tokens, don't exhibit them, in records that carry retractions [tag: drafting-cycle]	pending		no-implemented-proposal
4053	336	2026-08-13: The probe was authored from prediction and would have halted a CORRECT run — measure every expected value ON the pinned artifact [tag: verification]	pending		no-implemented-proposal
4061	337	2026-08-13: Deliverable counts in templates go stale when the deliverable grows — sweep every count-carrying template site after a late addition [tag: drafting-cycle]	pending		no-implemented-proposal
4069	338	2026-08-13: The daemon claims an uncommitted deposit within one second — commit the claimed rename, and predict ids, never mint [tag: operational-recovery]	pending		no-implemented-proposal
4077	339	2026-08-14: A fold is the only edit in the system with no post-condition — six rules govern it and all six key on the wrong unit [tag: drafting-cycle]	learned	DRAFTING_CYCLE.md	detector-PASS(ratio=1.00,phrases=5)
4085	340	2026-08-14: A fold's own prose can break a machine contract — three times in one cycle, every one invisible to reading [tag: verification]	learned	DRAFTING_CYCLE.md	detector-PASS(ratio=1.00,phrases=2)
4093	341	2026-08-14: Narrating a severance re-introduces the severed content [tag: drafting-cycle]	pending		no-implemented-proposal
4101	342	2026-08-14: A clone is diffed section-by-section, never token-swapped — 17 of 18 findings were origin-carried and one would have halted a correct run [tag: drafting-cycle]	pending		no-implemented-proposal
4109	343	2026-08-14: The marker-collision fired on the first artifact written after it shipped [tag: verification]	pending		no-implemented-proposal
4117	344	2026-08-14: A session that crosses midnight carries a stale date into every slug it authors [tag: operational-recovery]	pending		no-implemented-proposal
4125	345	"2026-08-14: A residual ""everything else"" bucket silently absorbs the class that deserved its own bin [tag: governance-design]"	learned	PLANNER_TEMPLATE.md	detector-PASS(ratio=0.67,phrases=0)
4134	346	2026-08-16: A fold lands where the defect was NOTICED — and by the third reviewer that failure has moved BETWEEN the folds [tag: drafting-cycle]	pending		no-implemented-proposal
4146	347	2026-08-16: A decision table's correctness is a property of its STATE SPACE — enumerate it in code, because reading cannot [tag: verification]	pending		no-implemented-proposal
4158	348	2026-08-16: A guard that observes an EXIT CODE has not observed its EFFECT [tag: verification]	pending		no-implemented-proposal
4170	349	2026-08-16: The probe must match the INSTRUMENT the plan prescribes, not just the target [tag: verification]	pending		no-implemented-proposal
4181	350	2026-08-16: The freeze checklist is the least-sticky section in a clone — dropped four times in one day [tag: planner-discipline]	pending		no-implemented-proposal
4192	351	2026-08-18: Fold damage is POSITIONAL, and presence probes are structurally blind to it [tag: drafting-cycle]	pending		no-implemented-proposal
4206	352	2026-08-18: `plan_lint`'s dryness check disagrees with §2's bar, and its false-clean rate RISES as a cycle converges [tag: instrumentation]	pending		no-implemented-proposal
4219	353	2026-08-18: A CEO decision folded into a plan is an unread fold round, and behaves exactly like one [tag: drafting-cycle]	pending		no-implemented-proposal
4231	354	2026-08-18: Price a finding's severity against evidence, not against how alarming it reads [tag: verification]	pending		no-implemented-proposal
4242	355	2026-08-18: A watcher must key on the signal the system actually emits, not the state you expect it to write [tag: bellows-integration]	pending		no-implemented-proposal
4253	356	2026-08-18: A predicted deposit filename must be derived from the code that stamps it, not from the local session date [tag: planner-discipline]	pending		no-implemented-proposal
4266	357	2026-05-20: Bellows verdict and pause mechanics — three failures in one session [tag: bellows-integration]	pending		no-implemented-proposal
4280	358	2026-05-22: Phase 1.5 must scan halted-* plans, not just research/feedback [tag: planner-discipline]	pending		no-implemented-proposal
4293	359	2026-05-22: Diagnostics that depend on production data must gate on data availability [tag: planner-discipline]	pending		no-implemented-proposal
4306	360	2026-05-22: Amendment plans should scope sections to revise, not re-do the work [tag: planner-discipline]	pending		no-implemented-proposal
4319	361	2026-05-30: Worktree regression on restart-during-pause; Planner-direct recovery; plan header needs a title line [tag: bellows-integration]	pending		no-implemented-proposal
4332	362	2026-08-18: A UTF-8 dev machine cannot reproduce a cp1252 failure — the only guard is an ASCII-assertion test [tag: execution-environment]	pending		no-implemented-proposal
4345	363	2026-08-18: An autouse isolation fixture can be silently bypassed by import binding — verify isolation per-path before writing tests that write [tag: test-infrastructure]	pending		no-implemented-proposal
4358	364	"2026-08-18: A domain pattern that looks like corrupted data may be the contract — confirm with the domain owner before ""correcting"" it [tag: verification]"	pending		no-implemented-proposal
4370	365	2026-08-18: When a validator rejects an extraction, suspect the extraction before relaxing the validator [tag: verification]	pending		no-implemented-proposal
4381	366	2026-08-19: The sibling-sweep discipline has a measured floor — when pre-existing yield hits zero while total yield does not fall, stop walking and run a mechanical check [tag: drafting-cycle]	pending		no-implemented-proposal
4397	367	2026-08-19: The last fold round before a deposit has no executor — folds made after the execution seat are never run by anyone [tag: drafting-cycle]	pending		no-implemented-proposal
4410	368	2026-08-19: A cold seat's proposed FIX is an unexecuted hypothesis, and the seat's own report often already contains the real one [tag: drafting-cycle]	pending		no-implemented-proposal
4422	369	2026-08-19: A cross-step carrier cannot live inside the commit whose hash it carries [tag: bellows-integration]	pending		no-implemented-proposal
4435	370	2026-08-19: A knowledge destination that is not ingested cannot improve the system — route by what ACTS on the knowledge, not only by who must not be wrong [tag: planner-discipline]	pending		no-implemented-proposal
4455		2026-08-19: A clone-diff needs THREE passes — facts, artefacts, structure — and each finds what the others structurally cannot [tag: drafting-cycle]	pending		unmatched-therefore-pending
4472		2026-08-19: Anchor a path where its file LIVES FOR GIT — tracked to the worktree, untracked to main [tag: bellows-integration]	pending		unmatched-therefore-pending
4487		2026-08-19: A shipped, correctly-routed shop rule can produce the WRONG action in a specific context — and nothing in the cycle asks which of our own rules would mislead [tag: planner-discipline]	pending		unmatched-therefore-pending
4500		2026-08-19: A declaration/consumer pair fails in BOTH directions, and fixing one half tends to break the other [tag: verification]	pending		unmatched-therefore-pending
4516		2026-08-19: A correction can OPEN a gap — removing a false belief without installing the true requirement it implied [tag: drafting-cycle]	pending		unmatched-therefore-pending
4531		2026-08-19: A malformed sqlite3 URI silently CREATES a decoy database, and no gate audits for stray files [tag: verification]	pending		unmatched-therefore-pending
4546		2026-08-19: A periodic task at an un-guarded loop boundary must own its exception guard — never inherit a hoped-for one [tag: drafting-cycle, bellows-integration]	pending		unmatched-therefore-pending
4560		2026-08-21: Before hand-building a classification, registry, or index, check whether the system already maintains one — the existing pipeline may be further along than the one you are designing  [tag: planner-discipline] [tag: verification] [tag: process-discipline]	pending		unmatched-therefore-pending
4566		2026-08-21: A workflow can be correctly mechanized and still be wrong at the destination — check what the pipeline's target set CONTAINS, not just that it runs  [tag: process-discipline] [tag: governance-design] [tag: planner-discipline]	pending		unmatched-therefore-pending
4572		2026-08-21: `content_hash` detects modification, not identity — it is the wrong key for reconciling a corpus against its source file  [tag: verification] [tag: mechanics]	pending		unmatched-therefore-pending
4578		2026-08-21: CEO DECISION — `glossary.md` is the per-repo home for DOMAIN KNOWLEDGE; `CLAUDE.md` stays operating protocol  [tag: governance-design] [tag: process-discipline]	pending		unmatched-therefore-pending
4593		2026-08-22: A single-arm probe against a drifting corpus is uninterpretable — run a controlled A/B so the change's effect separates from pre-existing noise  [tag: verification] [tag: planner-discipline] [tag: qa-discipline]	pending		unmatched-therefore-pending
4599		"2026-08-22: A function that computes a LOOKUP KEY must be the identity on every value already stored — incidental ""hygiene"" inside it silently orphans existing rows  [tag: verification] [tag: mechanics] [tag: bellows-integration]"	pending		unmatched-therefore-pending
4605		2026-08-22: Write the regression guard BEFORE the fix and watch it fail — a guard authored afterwards and only ever seen green discriminates nothing  [tag: qa-discipline] [tag: verification] [tag: process-discipline]	pending		unmatched-therefore-pending
